Vendor,33106916,702-6122 Vel  Rd.,19453,1-872-494-5553,Curabitur.egestas@mi.edu
Vendor,34062389,309-9982 Eget  Street,88812,1-945-360-1251,lectus@necorci.net
Vendor,59320968,Apt 728-9283 Ornare Avenue,21302,1-457-101-1010,massa.lobortis@Aliquamnecenim.net
Vendor,83853479,Ap #791-8004 Senectus Rd.,29463,1-369-734-6225,Quisque.varius@sociisnatoque.edu
Vendor,17463603,776-1362 Amet Rd.,51593,1-539-346-4259,libero.et@Uttinciduntvehicula.co.uk
Vendor,47643541,Ap #849-7347 Faucibus Avenue,14536,1-195-926-7287,Nam.ac.nulla@cubilia.org
Vendor,15183368,Ap #611-2948 Curabitur St.,26847,1-983-760-1703,euismod.est.arcu@Intinciduntcongue.net
Vendor,60595185,75 St.Alphonsus ,02120,1-897-565-1878,aalphonsus@tyu.edu
BillTo,11223344,15 Smith St,02120,1-878-657-8765,smith@erp.com
SoldTo,11223344,15 Smith St,02120,1-878-657-8766,smith@erp.com
ShipTo,11223344,15 Smith St,02120,1-878-657-8767,smith@erp.com
